id;dataProcessingConsent;browserSignature;createdAt
4a27dd4d-b9e3-4e8e-bc41-8cf5326ae6ba;1;eKpW8aXPRWU5;1677897430
59306d43-3dbf-4fdc-8678-8c6f84f00f94;1;UkcxEUwR9zTT;1677899259
ce9ce195-2bb6-44fb-9477-87e62c3f5145;1;0qCp4OfTOXmZ;1677901463
215120e7-4b92-492f-8611-4d22f73332a7;1;hWQrewx3V2dZ;1677902034
d3ab6341-a495-4fbc-9b6c-ebc137815d88;1;Y7GITi7vnwXG;1677902465
3f2c5d46-e34d-425a-9d49-8f39cb16f4a7;1;pU3X5sXgBSAp;1677903253
b751a8c3-36b6-4ede-8a68-7ccec0f4ee77;1;JObyg4UwRdkv;1677903272
7ad038a7-863f-44a1-9369-3acddb72057c;1;pyHECyB9PTXa;1677904521
913644ac-fe0e-4b5f-8ff2-766cd6a8d418;1;ULWDY8B4gq7l;1677906701
926f9910-ee47-4872-988b-86d8f777a00d;1;vUBzxNJj0CXS;1677914196
551a3818-5bb8-475d-93f2-47d2e82a3009;1;o1dw8q5wHVej;1677914219
cd7768a2-adcb-4e36-8783-8c3c19f6ea85;1;XslFcfDYBerb;1677914492
fa804d73-73e7-4148-897f-9e62a2160b5a;1;6Kaj9pFS3mDs;1677915786
0b191677-7f98-4718-949c-3b2d489421e5;1;n2rhZgSsrz4R;1677919097
8063a780-88d3-4026-99f2-f1efdc17695a;1;0RDgutydo88o;1677920461
0be19c5b-811b-4662-9588-62ca6a18db79;1;LVvz3y8vFr68;1677920865
b27a8669-54ea-4be8-a4e2-d7024f00a3c5;1;mjU03xlqrte7;1677923789
ffdd6dde-2339-4d28-8ff2-1031d7774976;1;pz5JMJtEuXbn;1677924381
c4528338-a227-48a0-913d-e77d3171b290;1;DCBhvbtbGVUb;1677928217
8584dced-81fb-44a2-bb72-229ea09ac484;1;f2jSFnQ1ktpJ;1677935830
285e4ebc-149f-49d6-bf37-954e22bc1e2e;1;VsQg7dMsQy44;1677937518
240452d9-7f5d-4bd1-839f-5598a070c10a;1;4p9doDmI79T0;1677940627
7815dbf9-9e72-449d-b684-087923c1d7ae;1;PkoKP70ET6u0;1677940818
1648f816-c31a-49a8-828e-68605e63a6eb;1;4SI4NaEAlWgW;1677958910
22767a5d-0be2-4eb2-8f34-c9e347f5f629;1;6vZxQqpmgKXg;1677959072
1708c2d6-3436-4e16-9967-16c3493769c9;1;hzgPadoslfMo;1678067842
8fd5f311-c93d-47dd-ada0-8a18415eb990;1;3GyHZffu0T4Q;1678067993
c062e040-82f7-49b3-acb2-34c4200e7599;1;RDGvPR3ioAdI;1678070063
451ae122-9610-4e67-abd0-76320aa623fe;1;qLeCoyydmbET;1678081146
f973af10-b065-4888-9c75-6ce47b8aeee2;1;dlkvtWnBUJxw;1678082734
5eeb28df-fba9-4cec-b1b0-7d7387640c7a;1;MNM8Bu67ZNWH;1678083456
cc26fa80-b543-4468-9ca7-3c873657e53d;1;nVgGVs8JJ6sn;1678083918
c9c07da2-63dd-455e-a0a4-cafe80efe824;1;3AMO9tlho3Nt;1678089424
4eac3e11-0166-46ff-a503-427490016827;1;lREw1keh0nj0;1678089636
9513dd2b-8cbc-44fb-984f-7ae0fc06ce96;1;Ja95L2tDV2Dy;1678092435
23843ec2-0abe-41a1-bd16-ec79399d6526;1;IJA5XyCPtLJe;1678092833
24da6af2-e393-4cc1-a95d-80dec7739af9;1;qmJusm6d20Oq;1678095003
28aa5bad-be7b-44b8-af4b-1e1d9662b5fd;1;U9Ke1EHMsS0y;1678095462
ded37176-dc8c-4ab6-b66a-4b19c7515bb7;1;vwvHSe7IfWIm;1678097485
6aadd0af-cd16-42d5-89cc-1e136b0a7d03;1;K7m7tZ70OpID;1678098242
1a8dd0ec-7576-441c-b811-cf57dda98bde;1;2Yrmge6PKbIj;1678098932
5e5fdc5a-4710-43bf-901b-a2693cf7d8db;1;PLa9ZAIO1Y5L;1678103916
44861717-191a-4637-8345-08d3a52f53af;1;gbw78LUQQZSO;1678104345
78613a19-4771-4137-927b-f9e798f4b9ac;1;3xYicdSwk5Kt;1678104901
d8c63239-da98-4c4d-a869-d5ae1aaf5299;1;4eX10oqau23U;1678105336
ee2664f2-e619-4fba-b84f-06edf0810678;1;wpFSdWnXpKJw;1678115627
37ce8351-bf03-43fd-8a68-00149f7cf3a6;1;X1jSy05rezrC;1678116516
6e435df9-97f7-4e2b-9042-621389948ae2;1;wLFPIBeYnQiM;1678122430
fd2ba4ee-010c-4a97-847a-b4d121b438f4;1;LzvL12PJ46uI;1678124711
6e36caf3-eaf1-4722-bfe5-f79c659ef9db;1;SOOgQCaEM20n;1678126830
c1a9569c-4107-4182-8126-bb67b6fbb1e7;1;7qdeAeSDY7bR;1678127870
a490ffc3-94d7-42fb-846d-c3cedc3b253a;1;SnjnIfDnkvtm;1678127871
c2f1ab97-e497-48df-874b-df8635affd6c;1;nCcDeGCGQYxY;1678127871
c607f874-fca9-4e89-a54e-cc9bf5fc9b77;1;ETEAugxrDkiZ;1678127875
22d02d41-64bb-4ec9-a866-1c042fb633c6;1;pZRZbinuP0Yf;1678127875
1dfc107f-2a2e-4e08-9b6b-4eb5a4bb39f9;1;KJXXbP7KFt9Y;1678129174
73314392-832f-4388-89be-4dd603f6412b;1;o7ESfdXfoPJy;1678129174
24bffdd7-b4fa-4aaa-9830-a1bb99ace624;1;JegG87SZeynw;1678129234
4ad65407-2e46-4b51-8e54-79e7aa137522;1;NqSwgaGU2wSS;1678129269
a4bfaf52-e239-4a27-81cc-fffd778365b4;1;jlBIDlxA5q47;1678130448
2063a390-84a5-437a-abcb-83814dd889be;1;RbmpvYoOmq6K;1678132672
71def624-3486-466a-b2f2-2af595ee19d9;1;hL4M6ACgGUmF;1678135635
e2a67c4e-7515-475c-ae45-2dee46fe878c;1;HdX1Yc9yip8m;1678136420
13ca5b90-7ece-4122-a9f6-523b34a12c00;1;hWPNxu9WUlj5;1678138906
4ff0e3f8-455c-419c-a494-fca1331fc5fa;1;pBuYHRnQDxeK;1678139912
57ee773c-6432-4003-b041-09781d920d25;1;JDzJ7AwRPXr5;1678140767
25d55e0c-c1cf-4b7b-9ea1-89b92d59c284;1;tw4vaK7pqhAB;1678141352
4f5dd47c-e631-4324-bb27-54a8703be4cd;1;qBbqnpmS90DA;1678147699
1e745631-f140-4790-aef3-1c00a51eb02e;1;HCeauXWLnuMS;1678167734
2c228aaa-6dce-4f67-9185-8dc24b9e3cd4;1;ZNPkOuwlomVM;1678173492
637fe82c-6835-486a-846c-a7d6e803ff10;1;4PnKwNIetgP5;1678187369
373b0cec-7e28-47c2-944a-3bfa30d4ece6;1;3lEalWXQgjS4;1678190205
370a31a5-3ec3-4c5f-830f-9757a60b403d;1;6HKhfnAFSbjL;1678191135
ca57a11c-d69b-4904-b5d5-1e8cf8399dc7;1;5T3aTmxk1qsU;1678195215
d9985054-fcd9-4be5-8aa2-1621f501074f;1;kYbg7Lq4rH6m;1678197949
2cfc2ad1-8e78-414f-a13c-5c928b4922cd;1;Ni3j2JlDCrYy;1678205035
60216723-6f85-4033-b7e9-98b8dc2edfe6;1;eTpyQ032j7Ts;1678213996
4bdaae14-b3e5-4e18-8a37-6f8f4a766d46;1;OHV8b1bnoPr6;1678214805
5e354975-fd1c-4519-b85d-378ff241943d;1;FspA2WF1pPwN;1678220022
faeff579-bcc0-4194-92dc-3d9ae8ff0972;1;XWdqgAq6rFjI;1678222393
ab804058-e3f7-47a5-82f7-ca945d7a1717;1;BWGsfZktUHNG;1678222397
1e37c4f1-6680-46a2-bf56-2d95330b6549;1;vcwlp18NwSbj;1678223501
38859500-24ca-4b96-a723-d6977c70956e;1;9crn1lSd1I24;1678226584
44ce1139-ff68-4d53-96e2-fcbf27469e71;1;byjAbvnYcszd;1678263366
b407e228-f2e6-4982-aac7-3f3a8df2b3d4;1;1ozpx4DOFPJ6;1678263829
fd990aae-8cfe-42f7-bf3e-584ffcf75479;1;acTMlXYASYTY;1678271173
d3c44a29-84be-411b-908b-aaf20072e9b0;1;0gW46F0TetBr;1678271242
4ec21dca-6aa4-4659-908b-3f9f29bbc1e0;1;e8zcwoVs4o15;1678271313
0e960065-25d3-43ed-a270-827a68ef9b4e;1;m5ZIfdG6cLni;1678271812
659e3c5d-4e29-4a72-9c36-7d1ce3d1488a;1;GvwQ6ZRpkcyo;1678272138
98918c9a-e805-4751-854c-4bc55c6ba56d;1;kf1MkEdiqa8L;1678272280
814d9d59-b685-469d-b558-b69f634f4714;1;kWAB1z97YbBf;1678272397
4e7f838f-7df4-41ce-b29c-3d83d5a1e71f;1;JaGWj9OyRGj2;1678281290
7a8e11af-d939-4578-9a8f-fdfc138b81d3;1;XkgEG2l1vlMO;1678285836
4fa7b7cf-6914-4382-a6e5-375cc52a40b4;1;2EdE9f8SD2mr;1678305225
973a60f6-02fe-49bb-b4fd-31c92aaeb3ae;1;HB4U9Gsbnzqp;1678307070
e73543d4-9f53-4108-85c8-850972eae9fc;1;wbZj4sb7NstM;1678318802
46eb7ce0-7971-42ee-b382-7806609bc5e9;1;Y6UqCsve5Skc;1678321961
cbaefe4d-7e5c-4cd2-815f-1de612bdc64d;1;o8GffW2XFgzz;1678326296
139ebb1f-59d8-4389-8ebb-2db651f5af5e;1;ADHp3Nb2GSS9;1678326431
b0d966f9-6b09-44d5-a888-afd23401dbd2;1;pMiIFlYSLvlY;1678344138
3191e337-b18f-4bd4-939a-b4f82c245866;1;TYnFhvTTBMhl;1678350107
70338021-c4f4-4cee-b722-baa0a40bb3b0;1;PYe4xhbBFnzb;1678357294
701add13-2ab7-4672-b35f-2397bc20cf88;1;vHXfAuU0uNGr;1678383992
21b4725c-1853-4b7d-815e-9649097a7b3b;1;NBHfPJowlj8h;1678384822
308d21ed-32a2-4081-a15d-722d8d4fa9ba;1;Uo2IWAfCS2Ev;1678395872
a21ea4f1-a13f-4184-a107-ee7b1a7d17f6;1;tsvEyJ9B3GlH;1678396095
4dd0cecb-8917-4e35-a877-a6587cb2eea1;1;ijQDRVupY3mC;1678400519
421a8f02-50e4-4a46-87c5-4cd1b9fea5ad;1;kh7A3kHOtcB2;1678421442
9231cfd3-6439-42bd-a264-c1644ca85dc1;1;cVtQcPwMpBlt;1678421703
84b884c4-20ea-4e28-a3e5-c504d0a0e8a1;1;2L6gouj1K9OU;1678421707
54e4dca1-91a3-46ab-93be-1ebba9d07678;1;WvFYkhoTiYeW;1678421829
fe89867b-b7a2-4382-a9b5-017068d02423;1;ALVAxl9Vw1Xb;1678421830
375797c7-9c90-4f30-8a81-214c6d71bce1;1;L4mmvMkkw4Rp;1678421832
b8fc6870-a036-4b4c-a987-f5b68e415a12;1;xJgfKQxA0fK1;1678421838
9c9ec6cb-00ca-4a36-9fd0-f406676b8c3c;1;r2uV8jVZsFuw;1678421845
62f37ad6-d2dc-459a-b8b5-763d5205eae1;1;ZWxW2k1ONIrZ;1678421981
e0d2becd-90db-438f-8f59-13432bb220b5;1;uusDJV62ENzo;1678425445
e1296e55-eab8-4b6f-8396-cbbec959f61f;1;G0YTgXD9RJ4w;1678440894
0592c47d-1b9b-4c51-aa6e-14b442f360ef;1;5si0tR62R3da;1678449206
6089a113-0b0a-4cfd-bab7-9cfd24c166a5;1;eObI6UifsQTC;1678468546
c233eeb2-c767-4bc2-b238-4486fc08a0e4;1;JtNfQbj4LZHh;1678470661
0f14e928-ca06-4ddb-9d4e-540fc88ca300;1;xSUq5sMsLU70;1678476762
e3f04019-8b49-4c7e-a17a-0f17c93295e2;1;NOdhxFm5rYPR;1678491034
e87fe464-69f7-4b97-a550-fba5c16872cb;1;7QOdfWOeUIhT;1678511459
9962d728-753e-4e45-8456-2481691aa2cd;1;xjh4o0uM4ihY;1678555873
661591ea-6a17-4f12-a545-6786f29d582b;1;ybBpEopiMV1G;1678555874
a4e87a20-c682-47d1-bd7d-67b2f62228a2;1;mSeaNXBLnaza;1678555876
adb09b46-3ea9-4698-aa80-081d0e5b1a45;1;YytaJnJQ80KK;1678556182
54b32198-347d-4695-80a8-9a4955c7c191;1;WdxsGdHWkbFj;1678556291
8e91a8ea-7eb7-43b7-8ebd-ee4e7e4d9358;1;9dIiAnz7OVQf;1678556291
c2eb0092-fce7-45cc-8f1a-2c2e6c640ae5;1;WTNcnFIizrpk;1678556499
92b22783-97b6-452e-89a9-4436de96f1b7;1;2EHNhGGIxK1P;1678556937
6ee3935a-9c52-4261-844a-54f372d33df7;1;XRJMA6FTzqmm;1678556937
5e3ffae3-12fe-45e6-814c-13b87620d5e8;1;nv6EcOa95IEg;1678557718
9347ac3d-68c5-4e15-b701-3ba334821c66;1;657S1Jj8g0Sw;1678557718
1b714bbc-04bf-4bd3-b89d-2952656d12e7;1;6XoSSDiN2mYb;1678558001
fb7bbfc4-a91f-4c95-a037-a95188521043;1;8ZdJJCyGIcsd;1678559842
45798695-7f48-41e8-98b2-b2492f17e095;1;bA73ekaxDnDY;1678560348
d79edaab-a03a-4131-bee7-b392e81c8080;1;GgESAbElLvrn;1678560518
9ab5ae43-7f57-4562-b4ce-f1def5fcde62;1;r1mmgeVXwFck;1678564361
8628f715-c5d3-4723-8904-4a928c81f19f;1;VCLe06EbZPab;1678564561
22ed4486-1440-4ebe-8c1d-af1413e567f3;1;JaWEMv2Gs8qY;1678564645
9c46d6b8-85eb-468a-add9-d40f111c5a6a;1;FlsZOMwbjNoE;1678564898
343827ae-4bda-417d-9c12-0be4819546d9;1;NuMganKDvQzW;1678567908
b19bf9cb-bded-4cf2-bf46-054ed0981b3c;1;EmS23gI6K2uH;1678567987
d9cd6aa4-e6ba-47c5-ae18-021a61457d9e;1;Y9omkk49lQl3;1678568258
17275c4d-d299-4e45-aa00-bd2b30bdd714;1;rzixSzeItIFc;1678568758
1bef5b38-29e7-4dc2-b284-3d70bdf93f2f;1;XkxcBb1JJQf2;1678568840
b599c3f6-0ae9-4e7e-a997-c5a7b4724703;1;6TLYIALuPGEx;1678568881
12edb081-8d82-4693-a963-ee4f374fead5;1;xw3fNITuoMDB;1678568989
bba80cb9-86ba-4089-aff8-e0c45d2d767f;1;paOqzzU4QJ35;1678569076
e993f856-3680-436c-8932-b10d5275001f;1;UAGiru1TWLmD;1678569287
415cb0cf-7e6b-4116-97f7-294562203a54;1;4J3jSnI53OwM;1678569360
01c04081-0812-415f-8b42-349b44080a2f;1;42Npvb5qgsgB;1678570233
aaece8a8-aa48-4c4a-a76e-7eef1e379e91;1;rCMyMSIKtdwk;1678613753
737e9796-362d-400d-91ef-a96764155149;1;Gd3x8z8rmI8t;1678615718
760e4125-47d6-4a1d-807e-daab80428efa;1;e39ci2Jb7ou9;1678622640